<?xml version="1.0" encoding="UTF-8" ?>
<!DOCTYPE mapper
  PUBLIC "-//mybatis.org//DTD Mapper 3.0//EN"
  "http://mybatis.org/dtd/mybatis-3-mapper.dtd">
<mapper namespace="edu.kosmo.hjs.mapper.BoardMapper">

	<select id="getList" resultType="edu.kosmo.hjs.vo.BoardVO">
	<![CDATA[
		select bId, bName, bTitle, bContent, bDate, bHit, bGroup, bStep, bIndent from mvc_board order by bGroup desc, bStep asc
	]]>
	</select>

	<select id="read" resultType="edu.kosmo.hjs.vo.BoardVO">
	<![CDATA[
		select * from mvc_board where bId = #{bid}
	]]>
	</select>

	<update id="updateShape">
	<![CDATA[
		update mvc_board set bStep = bStep + 1 where bGroup = #{bGroup}
	]]>
	</update>

	<insert id="insertReply">
	<![CDATA[
		insert into mvc_board (bId, bName, bTitle, bContent, bGroup, bStep, bIndent) values (mvc_board_seq.nextval, #{bName}, #{bTitle},#{bContent}, #{bGroup}, #{bStep}+1, #{bIndent}+1)
	]]>
	</insert>

	<insert id="insertBoard">
	<![CDATA[
		insert into mvc_board (bid, bname, btitle, bContent, bhit, bgroup, bstep, bindent) values (mvc_board_seq.nextval, #{bname}, #{btitle}, #{bcontent}, 0, mvc_board_seq.currval, 0, 0)
	]]>
	</insert>

	<delete id="delete">
	<![CDATA[
		delete from mvc_board where bId = #{bId}
	]]>
	</delete>

	<update id="updateBoard">
		update mvc_board set bName = #{bname}, bTitle =
		#{btitle}, bContent = #{bcontent} where bId = #{bid}
	</update>


	<select id="getTotalCount" resultType="int">
		select count(*) from mvc_board
	</select>

	<select id="getListWithPaging"
		resultType="edu.kosmo.hjs.vo.BoardVO">
  		 <![CDATA[
      		SELECT * FROM (
              SELECT ROWNUM AS RNUM, A.* FROM (
                       SELECT
                             *
                         FROM
                             mvc_board 
                         order by bGroup desc, bStep asc   
             ) A WHERE ROWNUM <= #{pageNum} * #{amount}
         ) WHERE RNUM > (#{pageNum}-1) * #{amount}
 		  ]]>
	</select>
</mapper>
